time,signal,value
1778503044.308070,DCMP_Status.NDCDCState,2
1778503044.308070,DCMP_Status.BDCDCWakeUp,0
1778503044.308070,DCMP_Status.BDCDCAuxIsoEnabled,1
1778503044.308070,DCMP_Status.BDCDCCANError,0
1778503044.308070,DCMP_Status.BDCDCConfigSettingsError,0
1778503044.308070,DCMP_Status.BDCDCXcpError,0
1778503044.308070,DCMP_Status.BDCDCHVError,0
1778503044.308070,DCMP_Status.BDCDCHVOcpError,0
1778503044.308070,DCMP_Status.BDCDCHVOvpError,0
1778503044.308070,DCMP_Status.BDCDCHVUvpError,0
1778503044.308070,DCMP_Status.BDCDCSROvpError,0
1778503044.308070,DCMP_Status.BDCDCSRUvpError,0
1778503044.308070,DCMP_Status.BDCDCLVAlimAuxError,0
1778503044.308070,DCMP_Status.BDCDCLV1Demanded,0
1778503044.308070,DCMP_Status.BDCDCLV1OvpError,0
1778503044.308070,DCMP_Status.BDCDCLV1UvpError,0
1778503044.308070,DCMP_Status.BDCDCLV1Warning,0
1778503044.308070,DCMP_Status.BDCDCLV2Demanded,0
1778503044.308070,DCMP_Status.BDCDCLV2OvpError,0
1778503044.308070,DCMP_Status.BDCDCLV2UvpError,0
1778503044.308070,DCMP_Status.BDCDCLV2Warning,0
1778503044.308070,DCMP_Status.BDCDCSR1OtpError,0
1778503044.308070,DCMP_Status.BDCDCSR2OtpError,0
1778503044.308070,DCMP_Status.BDCDCBB1OtpError,0
1778503044.308070,DCMP_Status.BDCDCBB2OtpError,0
1778503044.308070,DCMP_Status.BDCDCBB3OtpError,0
1778503044.308070,DCMP_Status.BDCDCBB4OtpError,0
1778503044.308070,DCMP_Status.BDCDCRcpWarning,0
1778503044.308070,DCMP_Status.BDCDCPowerDemanded,0
1778503044.308070,DCMP_Status.BDCDCUmbilicalDemanded,0
1778503044.308070,DCMP_Status.BDCDCRegenerationDemanded,0
1778503044.308070,DCMP_Status.BDCDCDischargeDemanded,0
1778503044.308070,DCMP_Status.NDCDCReleaseMode,3
1778503044.308070,DCMP_Value.VDCDCSRMin,1.8353055
1778503044.308070,DCMP_Value.VDCDCSRMax,1.9576592
1778503044.308070,DCMP_Value.VDCDCSRAverage,1.8353055
1778503044.308070,DCMP_Value.Multiplexer,0
1778503044.308070,DCMP_Value.TDCDCSR1Measured,5
1778503044.308070,DCMP_Value.TDCDCSR2Measured,4
1778503044.308070,DCMP_Value.TDCDCBB1Measured,5
1778503044.308070,DCMP_Value.TDCDCBB2Measured,5
1778503044.308070,DCMP_ValueAux.VDCDCAux1Measured,1.1585052
1778503044.308070,DCMP_ValueAux.VDCDCAux2Measured,1.2378016
1778503044.308070,DCMP_ValueAux.VDCDCAux3Measured,0.9283515600000001
1778503044.308070,DCMP_ValueAux.VDCDCAux4Measured,0.0
1778503044.308070,DCMP_ValueAux.VDCDCAux5Measured,0.58021965
1778503044.308070,DCMP_ValueAux.NDCDCReserved,11564
1778503044.308070,DCMP_ValueAux.VDCDCAux1Measured,11.50781832
1778503044.308070,DCMP_ValueAux.VDCDCAux2Measured,5.028569
1778503044.308070,DCMP_ValueAux.VDCDCAux3Measured,3.357538142
1778503044.308070,DCMP_ValueAux.VDCDCAux4Measured,5.8795576
1778503044.308070,DCMP_ValueAux.VDCDCAux5Measured,1.6761901000000001
1778503044.308070,DCMP_ValueAux.NDCDCReserved,8738
1778503044.308070,DCMP_ValueAux.VDCDCAux1Measured,11.50781832
1778503044.308070,DCMP_ValueAux.VDCDCAux2Measured,5.028569
1778503044.308070,DCMP_ValueAux.VDCDCAux3Measured,3.357538142
1778503044.308070,DCMP_ValueAux.VDCDCAux4Measured,5.8795576
1778503044.308070,DCMP_ValueAux.VDCDCAux5Measured,1.6761901000000001
1778503044.308070,DCMP_ValueAux.NDCDCReserved,8738
1778503044.314629,DCMP_ValueLV1.VDCDCLV1Min,13.82597036
1778503044.314629,DCMP_ValueLV1.VDCDCLV1Max,13.85655879
1778503044.314629,DCMP_ValueLV1.VDCDCLV1Average,13.82597036
1778503044.314629,DCMP_ValueLV1.IDCDCLV1Average,0.0
1778503044.314629,DCMP_ValueLV1.IDCDCLV1UnBalance,0.0
1778503044.314629,DCMP_ValueLV1.NDCDCLV1OverloadCount,0
1778503044.314629,DCMP_ValueLV2.VDCDCLV2Min,0.48941488
1778503044.314629,DCMP_ValueLV2.VDCDCLV2Max,0.52000331
1778503044.314629,DCMP_ValueLV2.VDCDCLV2Average,0.48941488
1778503044.314629,DCMP_ValueLV2.IDCDCLV2Average,0.0
1778503044.314629,DCMP_ValueLV2.IDCDCLV2UnBalance,0.0
1778503044.314629,DCMP_ValueLV2.NDCDCLV2OverloadCount,0
1778503044.318692,DCMP_Status.NDCDCState,2
1778503044.318692,DCMP_Status.BDCDCWakeUp,0
1778503044.318692,DCMP_Status.BDCDCAuxIsoEnabled,1
1778503044.318692,DCMP_Status.BDCDCCANError,0
1778503044.318692,DCMP_Status.BDCDCConfigSettingsError,0
1778503044.318692,DCMP_Status.BDCDCXcpError,0
1778503044.318692,DCMP_Status.BDCDCHVError,0
1778503044.318692,DCMP_Status.BDCDCHVOcpError,0
1778503044.318692,DCMP_Status.BDCDCHVOvpError,0
1778503044.318692,DCMP_Status.BDCDCHVUvpError,0
1778503044.318692,DCMP_Status.BDCDCSROvpError,0
1778503044.318692,DCMP_Status.BDCDCSRUvpError,0
1778503044.318692,DCMP_Status.BDCDCLVAlimAuxError,0
1778503044.318692,DCMP_Status.BDCDCLV1Demanded,0
1778503044.318692,DCMP_Status.BDCDCLV1OvpError,0
1778503044.318692,DCMP_Status.BDCDCLV1UvpError,0
1778503044.318692,DCMP_Status.BDCDCLV1Warning,0
1778503044.318692,DCMP_Status.BDCDCLV2Demanded,0
1778503044.318692,DCMP_Status.BDCDCLV2OvpError,0
1778503044.318692,DCMP_Status.BDCDCLV2UvpError,0
1778503044.318692,DCMP_Status.BDCDCLV2Warning,0
1778503044.318692,DCMP_Status.BDCDCSR1OtpError,0
1778503044.318692,DCMP_Status.BDCDCSR2OtpError,0
1778503044.318692,DCMP_Status.BDCDCBB1OtpError,0
1778503044.318692,DCMP_Status.BDCDCBB2OtpError,0
1778503044.318692,DCMP_Status.BDCDCBB3OtpError,0
1778503044.318692,DCMP_Status.BDCDCBB4OtpError,0
1778503044.318692,DCMP_Status.BDCDCRcpWarning,0
1778503044.318692,DCMP_Status.BDCDCPowerDemanded,0
1778503044.318692,DCMP_Status.BDCDCUmbilicalDemanded,0
1778503044.318692,DCMP_Status.BDCDCRegenerationDemanded,0
1778503044.318692,DCMP_Status.BDCDCDischargeDemanded,0
1778503044.318692,DCMP_Status.NDCDCReleaseMode,3
1778503044.322739,DCMP_Value.VDCDCSRMin,1.8353055
1778503044.322739,DCMP_Value.VDCDCSRMax,1.9576592
1778503044.322739,DCMP_Value.VDCDCSRAverage,1.9576592
1778503044.322739,DCMP_Value.Multiplexer,1
1778503044.322739,DCMP_Value.TDCDCBB3Measured,5
1778503044.322739,DCMP_Value.TDCDCBB4Measured,5
1778503044.324752,DCMP_ValueAux.VDCDCAux1Measured,11.50781832
1778503044.324752,DCMP_ValueAux.VDCDCAux2Measured,5.028569
1778503044.324752,DCMP_ValueAux.VDCDCAux3Measured,3.357538142
1778503044.324752,DCMP_ValueAux.VDCDCAux4Measured,5.8795576
1778503044.324752,DCMP_ValueAux.VDCDCAux5Measured,1.6761901000000001
1778503044.324752,DCMP_ValueAux.NDCDCReserved,8738
1778503044.326564,DCMP_ValueLV1.VDCDCLV1Min,13.79538193
1778503044.326564,DCMP_ValueLV1.VDCDCLV1Max,13.85655879
1778503044.326564,DCMP_ValueLV1.VDCDCLV1Average,13.82597036
1778503044.326564,DCMP_ValueLV1.IDCDCLV1Average,0.0
1778503044.326564,DCMP_ValueLV1.IDCDCLV1UnBalance,0.0
1778503044.326564,DCMP_ValueLV1.NDCDCLV1OverloadCount,0
1778503044.328575,DCMP_ValueLV2.VDCDCLV2Min,0.48941488
1778503044.328575,DCMP_ValueLV2.VDCDCLV2Max,0.52000331
1778503044.328575,DCMP_ValueLV2.VDCDCLV2Average,0.48941488
1778503044.328575,DCMP_ValueLV2.IDCDCLV2Average,0.0
1778503044.328575,DCMP_ValueLV2.IDCDCLV2UnBalance,0.0
1778503044.328575,DCMP_ValueLV2.NDCDCLV2OverloadCount,0
1778503044.331056,DCMP_Status.NDCDCState,2
1778503044.331056,DCMP_Status.BDCDCWakeUp,0
1778503044.331056,DCMP_Status.BDCDCAuxIsoEnabled,1
1778503044.331056,DCMP_Status.BDCDCCANError,0
1778503044.331056,DCMP_Status.BDCDCConfigSettingsError,0
1778503044.331056,DCMP_Status.BDCDCXcpError,0
1778503044.331056,DCMP_Status.BDCDCHVError,0
1778503044.331056,DCMP_Status.BDCDCHVOcpError,0
1778503044.331056,DCMP_Status.BDCDCHVOvpError,0
1778503044.331056,DCMP_Status.BDCDCHVUvpError,0
1778503044.331056,DCMP_Status.BDCDCSROvpError,0
1778503044.331056,DCMP_Status.BDCDCSRUvpError,0
1778503044.331056,DCMP_Status.BDCDCLVAlimAuxError,0
1778503044.331056,DCMP_Status.BDCDCLV1Demanded,0
1778503044.331056,DCMP_Status.BDCDCLV1OvpError,0
1778503044.331056,DCMP_Status.BDCDCLV1UvpError,0
1778503044.331056,DCMP_Status.BDCDCLV1Warning,0
1778503044.331056,DCMP_Status.BDCDCLV2Demanded,0
1778503044.331056,DCMP_Status.BDCDCLV2OvpError,0
1778503044.331056,DCMP_Status.BDCDCLV2UvpError,0
1778503044.331056,DCMP_Status.BDCDCLV2Warning,0
1778503044.331056,DCMP_Status.BDCDCSR1OtpError,0
1778503044.331056,DCMP_Status.BDCDCSR2OtpError,0
1778503044.331056,DCMP_Status.BDCDCBB1OtpError,0
1778503044.331056,DCMP_Status.BDCDCBB2OtpError,0
1778503044.331056,DCMP_Status.BDCDCBB3OtpError,0
1778503044.331056,DCMP_Status.BDCDCBB4OtpError,0
1778503044.331056,DCMP_Status.BDCDCRcpWarning,0
1778503044.331056,DCMP_Status.BDCDCPowerDemanded,0
1778503044.331056,DCMP_Status.BDCDCUmbilicalDemanded,0
1778503044.331056,DCMP_Status.BDCDCRegenerationDemanded,0
1778503044.331056,DCMP_Status.BDCDCDischargeDemanded,0
1778503044.331056,DCMP_Status.NDCDCReleaseMode,3
1778503044.334730,DCMP_Value.VDCDCSRMin,1.9576592
1778503044.334730,DCMP_Value.VDCDCSRMax,1.9576592
1778503044.334730,DCMP_Value.VDCDCSRAverage,1.9576592
1778503044.334730,DCMP_Value.Multiplexer,2
1778503044.334730,DCMP_Value.VDCDCHVAverage,-1.0
1778503044.334730,DCMP_Value.IDCDCHVAverage,0.0
1778503044.334730,DCMP_Value.NDCDCHVOverloadCount,0
1778503044.334730,DCMP_ValueAux.VDCDCAux1Measured,11.50781832
1778503044.334730,DCMP_ValueAux.VDCDCAux2Measured,5.028569
1778503044.334730,DCMP_ValueAux.VDCDCAux3Measured,3.357538142
1778503044.334730,DCMP_ValueAux.VDCDCAux4Measured,5.8795576
1778503044.334730,DCMP_ValueAux.VDCDCAux5Measured,1.6761901000000001
1778503044.334730,DCMP_ValueAux.NDCDCReserved,8738
1778503044.338331,DCMP_ValueLV1.VDCDCLV1Min,13.82597036
1778503044.338331,DCMP_ValueLV1.VDCDCLV1Max,13.85655879
1778503044.338331,DCMP_ValueLV1.VDCDCLV1Average,13.82597036
1778503044.338331,DCMP_ValueLV1.IDCDCLV1Average,0.0
1778503044.338331,DCMP_ValueLV1.IDCDCLV1UnBalance,0.0
1778503044.338331,DCMP_ValueLV1.NDCDCLV1OverloadCount,0
1778503044.338331,DCMP_ValueLV2.VDCDCLV2Min,0.45882645
1778503044.338331,DCMP_ValueLV2.VDCDCLV2Max,0.48941488
1778503044.338331,DCMP_ValueLV2.VDCDCLV2Average,0.48941488
1778503044.338331,DCMP_ValueLV2.IDCDCLV2Average,0.0
1778503044.338331,DCMP_ValueLV2.IDCDCLV2UnBalance,0.0
1778503044.338331,DCMP_ValueLV2.NDCDCLV2OverloadCount,0
1778503044.339464,DCMP_Status.NDCDCState,2
1778503044.339464,DCMP_Status.BDCDCWakeUp,0
1778503044.339464,DCMP_Status.BDCDCAuxIsoEnabled,1
1778503044.339464,DCMP_Status.BDCDCCANError,0
1778503044.339464,DCMP_Status.BDCDCConfigSettingsError,0
1778503044.339464,DCMP_Status.BDCDCXcpError,0
1778503044.339464,DCMP_Status.BDCDCHVError,0
1778503044.339464,DCMP_Status.BDCDCHVOcpError,0
1778503044.339464,DCMP_Status.BDCDCHVOvpError,0
1778503044.339464,DCMP_Status.BDCDCHVUvpError,0
1778503044.339464,DCMP_Status.BDCDCSROvpError,0
1778503044.339464,DCMP_Status.BDCDCSRUvpError,0
1778503044.339464,DCMP_Status.BDCDCLVAlimAuxError,0
1778503044.339464,DCMP_Status.BDCDCLV1Demanded,0
1778503044.339464,DCMP_Status.BDCDCLV1OvpError,0
1778503044.339464,DCMP_Status.BDCDCLV1UvpError,0
1778503044.339464,DCMP_Status.BDCDCLV1Warning,0
1778503044.339464,DCMP_Status.BDCDCLV2Demanded,0
1778503044.339464,DCMP_Status.BDCDCLV2OvpError,0
1778503044.339464,DCMP_Status.BDCDCLV2UvpError,0
1778503044.339464,DCMP_Status.BDCDCLV2Warning,0
1778503044.339464,DCMP_Status.BDCDCSR1OtpError,0
1778503044.339464,DCMP_Status.BDCDCSR2OtpError,0
1778503044.339464,DCMP_Status.BDCDCBB1OtpError,0
1778503044.339464,DCMP_Status.BDCDCBB2OtpError,0
1778503044.339464,DCMP_Status.BDCDCBB3OtpError,0
1778503044.339464,DCMP_Status.BDCDCBB4OtpError,0
1778503044.339464,DCMP_Status.BDCDCRcpWarning,0
1778503044.339464,DCMP_Status.BDCDCPowerDemanded,0
1778503044.339464,DCMP_Status.BDCDCUmbilicalDemanded,0
1778503044.339464,DCMP_Status.BDCDCRegenerationDemanded,0
1778503044.339464,DCMP_Status.BDCDCDischargeDemanded,0
1778503044.339464,DCMP_Status.NDCDCReleaseMode,3
1778503044.341473,DCMP_Value.VDCDCSRMin,1.9576592
1778503044.341473,DCMP_Value.VDCDCSRMax,2.0800129
1778503044.341473,DCMP_Value.VDCDCSRAverage,2.0800129
1778503044.341473,DCMP_Value.Multiplexer,3
1778503044.341473,DCMP_Value.NDCDCXcpFaultsFlag,0
1778503044.341473,DCMP_Value.NDCDCChecksum,31090
1778503044.343483,DCMP_ValueAux.VDCDCAux1Measured,11.50781832
1778503044.343483,DCMP_ValueAux.VDCDCAux2Measured,5.028569
1778503044.343483,DCMP_ValueAux.VDCDCAux3Measured,3.342065616
1778503044.343483,DCMP_ValueAux.VDCDCAux4Measured,5.8795576
1778503044.343483,DCMP_ValueAux.VDCDCAux5Measured,1.6761901000000001
1778503044.343483,DCMP_ValueAux.NDCDCReserved,8738
1778503044.344491,DCMP_ValueLV1.VDCDCLV1Min,13.82597036
1778503044.344491,DCMP_ValueLV1.VDCDCLV1Max,13.85655879
1778503044.344491,DCMP_ValueLV1.VDCDCLV1Average,13.82597036
1778503044.344491,DCMP_ValueLV1.IDCDCLV1Average,0.0
1778503044.344491,DCMP_ValueLV1.IDCDCLV1UnBalance,0.0
1778503044.344491,DCMP_ValueLV1.NDCDCLV1OverloadCount,0
1778503044.346613,DCMP_ValueLV2.VDCDCLV2Min,0.45882645
1778503044.346613,DCMP_ValueLV2.VDCDCLV2Max,0.48941488
1778503044.346613,DCMP_ValueLV2.VDCDCLV2Average,0.45882645
1778503044.346613,DCMP_ValueLV2.IDCDCLV2Average,0.0
1778503044.346613,DCMP_ValueLV2.IDCDCLV2UnBalance,0.0
1778503044.346613,DCMP_ValueLV2.NDCDCLV2OverloadCount,0
1778503044.347623,DCMP_Status.NDCDCState,2
1778503044.347623,DCMP_Status.BDCDCWakeUp,0
1778503044.347623,DCMP_Status.BDCDCAuxIsoEnabled,1
1778503044.347623,DCMP_Status.BDCDCCANError,0
1778503044.347623,DCMP_Status.BDCDCConfigSettingsError,0
1778503044.347623,DCMP_Status.BDCDCXcpError,0
1778503044.347623,DCMP_Status.BDCDCHVError,0
1778503044.347623,DCMP_Status.BDCDCHVOcpError,0
1778503044.347623,DCMP_Status.BDCDCHVOvpError,0
1778503044.347623,DCMP_Status.BDCDCHVUvpError,0
1778503044.347623,DCMP_Status.BDCDCSROvpError,0
1778503044.347623,DCMP_Status.BDCDCSRUvpError,0
1778503044.347623,DCMP_Status.BDCDCLVAlimAuxError,0
1778503044.347623,DCMP_Status.BDCDCLV1Demanded,0
1778503044.347623,DCMP_Status.BDCDCLV1OvpError,0
1778503044.347623,DCMP_Status.BDCDCLV1UvpError,0
1778503044.347623,DCMP_Status.BDCDCLV1Warning,0
1778503044.347623,DCMP_Status.BDCDCLV2Demanded,0
1778503044.347623,DCMP_Status.BDCDCLV2OvpError,0
1778503044.347623,DCMP_Status.BDCDCLV2UvpError,0
1778503044.347623,DCMP_Status.BDCDCLV2Warning,0
1778503044.347623,DCMP_Status.BDCDCSR1OtpError,0
1778503044.347623,DCMP_Status.BDCDCSR2OtpError,0
1778503044.347623,DCMP_Status.BDCDCBB1OtpError,0
1778503044.347623,DCMP_Status.BDCDCBB2OtpError,0
1778503044.347623,DCMP_Status.BDCDCBB3OtpError,0
1778503044.347623,DCMP_Status.BDCDCBB4OtpError,0
1778503044.347623,DCMP_Status.BDCDCRcpWarning,0
1778503044.347623,DCMP_Status.BDCDCPowerDemanded,0
1778503044.347623,DCMP_Status.BDCDCUmbilicalDemanded,0
1778503044.347623,DCMP_Status.BDCDCRegenerationDemanded,0
1778503044.347623,DCMP_Status.BDCDCDischargeDemanded,0
1778503044.347623,DCMP_Status.NDCDCReleaseMode,3
1778503044.349633,DCMP_Value.VDCDCSRMin,2.0800129
1778503044.349633,DCMP_Value.VDCDCSRMax,2.0800129
1778503044.349633,DCMP_Value.VDCDCSRAverage,2.0800129
1778503044.349633,DCMP_Value.Multiplexer,4
1778503044.349633,DCMP_Value.NDCDCApplicationId,13110
1778503044.349633,DCMP_Value.NDCDCBootloaderId,12425
1778503044.351641,DCMP_ValueAux.VDCDCAux1Measured,11.50781832
1778503044.351641,DCMP_ValueAux.VDCDCAux2Measured,5.028569
1778503044.351641,DCMP_ValueAux.VDCDCAux3Measured,3.357538142
1778503044.351641,DCMP_ValueAux.VDCDCAux4Measured,5.8795576
1778503044.351641,DCMP_ValueAux.VDCDCAux5Measured,1.6761901000000001
1778503044.351641,DCMP_ValueAux.NDCDCReserved,8738
1778503044.351641,DCMP_ValueLV1.VDCDCLV1Min,13.82597036
1778503044.351641,DCMP_ValueLV1.VDCDCLV1Max,13.85655879
1778503044.351641,DCMP_ValueLV1.VDCDCLV1Average,13.82597036
1778503044.351641,DCMP_ValueLV1.IDCDCLV1Average,0.0
1778503044.351641,DCMP_ValueLV1.IDCDCLV1UnBalance,0.0
1778503044.351641,DCMP_ValueLV1.NDCDCLV1OverloadCount,0
1778503044.351641,DCMP_ValueLV2.VDCDCLV2Min,0.45882645
1778503044.351641,DCMP_ValueLV2.VDCDCLV2Max,0.48941488
1778503044.351641,DCMP_ValueLV2.VDCDCLV2Average,0.45882645
1778503044.351641,DCMP_ValueLV2.IDCDCLV2Average,0.0
1778503044.351641,DCMP_ValueLV2.IDCDCLV2UnBalance,0.0
1778503044.351641,DCMP_ValueLV2.NDCDCLV2OverloadCount,0
1778503044.354654,DCMP_Status.NDCDCState,2
1778503044.354654,DCMP_Status.BDCDCWakeUp,0
1778503044.354654,DCMP_Status.BDCDCAuxIsoEnabled,1
1778503044.354654,DCMP_Status.BDCDCCANError,0
1778503044.354654,DCMP_Status.BDCDCConfigSettingsError,0
1778503044.354654,DCMP_Status.BDCDCXcpError,0
1778503044.354654,DCMP_Status.BDCDCHVError,0
1778503044.354654,DCMP_Status.BDCDCHVOcpError,0
1778503044.354654,DCMP_Status.BDCDCHVOvpError,0
1778503044.354654,DCMP_Status.BDCDCHVUvpError,0
1778503044.354654,DCMP_Status.BDCDCSROvpError,0
1778503044.354654,DCMP_Status.BDCDCSRUvpError,0
1778503044.354654,DCMP_Status.BDCDCLVAlimAuxError,0
1778503044.354654,DCMP_Status.BDCDCLV1Demanded,0
1778503044.354654,DCMP_Status.BDCDCLV1OvpError,0
1778503044.354654,DCMP_Status.BDCDCLV1UvpError,0
1778503044.354654,DCMP_Status.BDCDCLV1Warning,0
1778503044.354654,DCMP_Status.BDCDCLV2Demanded,0
1778503044.354654,DCMP_Status.BDCDCLV2OvpError,0
1778503044.354654,DCMP_Status.BDCDCLV2UvpError,0
1778503044.354654,DCMP_Status.BDCDCLV2Warning,0
1778503044.354654,DCMP_Status.BDCDCSR1OtpError,0
1778503044.354654,DCMP_Status.BDCDCSR2OtpError,0
1778503044.354654,DCMP_Status.BDCDCBB1OtpError,0
1778503044.354654,DCMP_Status.BDCDCBB2OtpError,0
1778503044.354654,DCMP_Status.BDCDCBB3OtpError,0
1778503044.354654,DCMP_Status.BDCDCBB4OtpError,0
1778503044.354654,DCMP_Status.BDCDCRcpWarning,0
1778503044.354654,DCMP_Status.BDCDCPowerDemanded,0
1778503044.354654,DCMP_Status.BDCDCUmbilicalDemanded,0
1778503044.354654,DCMP_Status.BDCDCRegenerationDemanded,0
1778503044.354654,DCMP_Status.BDCDCDischargeDemanded,0
1778503044.354654,DCMP_Status.NDCDCReleaseMode,3
1778503044.356033,DCMP_Value.VDCDCSRMin,2.0800129
1778503044.356033,DCMP_Value.VDCDCSRMax,2.0800129
1778503044.356033,DCMP_Value.VDCDCSRAverage,2.0800129
1778503044.356033,DCMP_Value.Multiplexer,5
1778503044.356033,DCMP_Value.NDCDCSerial,90010021
1778503044.356033,DCMP_ValueAux.VDCDCAux1Measured,11.50781832
1778503044.356033,DCMP_ValueAux.VDCDCAux2Measured,5.028569
1778503044.356033,DCMP_ValueAux.VDCDCAux3Measured,3.357538142
1778503044.356033,DCMP_ValueAux.VDCDCAux4Measured,5.8795576
1778503044.356033,DCMP_ValueAux.VDCDCAux5Measured,1.6761901000000001
1778503044.356033,DCMP_ValueAux.NDCDCReserved,8738
1778503044.356033,DCMP_ValueLV1.VDCDCLV1Min,13.82597036
1778503044.356033,DCMP_ValueLV1.VDCDCLV1Max,13.85655879
1778503044.356033,DCMP_ValueLV1.VDCDCLV1Average,13.82597036
1778503044.356033,DCMP_ValueLV1.IDCDCLV1Average,0.0
1778503044.356033,DCMP_ValueLV1.IDCDCLV1UnBalance,0.0
1778503044.356033,DCMP_ValueLV1.NDCDCLV1OverloadCount,0
1778503044.356033,DCMP_ValueLV2.VDCDCLV2Min,0.45882645
1778503044.356033,DCMP_ValueLV2.VDCDCLV2Max,0.48941488
1778503044.356033,DCMP_ValueLV2.VDCDCLV2Average,0.45882645
1778503044.356033,DCMP_ValueLV2.IDCDCLV2Average,0.0
1778503044.356033,DCMP_ValueLV2.IDCDCLV2UnBalance,0.0
1778503044.356033,DCMP_ValueLV2.NDCDCLV2OverloadCount,0
1778503044.356033,DCMP_Status.NDCDCState,2
1778503044.356033,DCMP_Status.BDCDCWakeUp,0
1778503044.356033,DCMP_Status.BDCDCAuxIsoEnabled,1
1778503044.356033,DCMP_Status.BDCDCCANError,0
1778503044.356033,DCMP_Status.BDCDCConfigSettingsError,0
1778503044.356033,DCMP_Status.BDCDCXcpError,0
1778503044.356033,DCMP_Status.BDCDCHVError,0
1778503044.356033,DCMP_Status.BDCDCHVOcpError,0
1778503044.356033,DCMP_Status.BDCDCHVOvpError,0
1778503044.356033,DCMP_Status.BDCDCHVUvpError,0
1778503044.356033,DCMP_Status.BDCDCSROvpError,0
1778503044.356033,DCMP_Status.BDCDCSRUvpError,0
1778503044.356033,DCMP_Status.BDCDCLVAlimAuxError,0
1778503044.356033,DCMP_Status.BDCDCLV1Demanded,0
1778503044.356033,DCMP_Status.BDCDCLV1OvpError,0
1778503044.356033,DCMP_Status.BDCDCLV1UvpError,0
1778503044.356033,DCMP_Status.BDCDCLV1Warning,0
1778503044.356033,DCMP_Status.BDCDCLV2Demanded,0
1778503044.356033,DCMP_Status.BDCDCLV2OvpError,0
1778503044.356033,DCMP_Status.BDCDCLV2UvpError,0
1778503044.356033,DCMP_Status.BDCDCLV2Warning,0
1778503044.356033,DCMP_Status.BDCDCSR1OtpError,0
1778503044.356033,DCMP_Status.BDCDCSR2OtpError,0
1778503044.356033,DCMP_Status.BDCDCBB1OtpError,0
1778503044.356033,DCMP_Status.BDCDCBB2OtpError,0
1778503044.356033,DCMP_Status.BDCDCBB3OtpError,0
1778503044.356033,DCMP_Status.BDCDCBB4OtpError,0
1778503044.356033,DCMP_Status.BDCDCRcpWarning,0
1778503044.356033,DCMP_Status.BDCDCPowerDemanded,0
1778503044.356033,DCMP_Status.BDCDCUmbilicalDemanded,0
1778503044.356033,DCMP_Status.BDCDCRegenerationDemanded,0
1778503044.356033,DCMP_Status.BDCDCDischargeDemanded,0
1778503044.356033,DCMP_Status.NDCDCReleaseMode,3
1778503044.356033,DCMP_Value.VDCDCSRMin,2.0800129
1778503044.356033,DCMP_Value.VDCDCSRMax,2.2023666
1778503044.356033,DCMP_Value.VDCDCSRAverage,2.2023666
1778503044.356033,DCMP_Value.Multiplexer,6
1778503044.356033,DCMP_Value.NDCDCConfigVersion,2000
1778503044.356033,DCMP_Value.NDCDCConfigCrc,57317
1778503044.364545,DCMP_ValueAux.VDCDCAux1Measured,11.50781832
1778503044.364545,DCMP_ValueAux.VDCDCAux2Measured,5.028569
1778503044.364545,DCMP_ValueAux.VDCDCAux3Measured,3.357538142
1778503044.364545,DCMP_ValueAux.VDCDCAux4Measured,5.8795576
1778503044.364545,DCMP_ValueAux.VDCDCAux5Measured,1.6761901000000001
1778503044.364545,DCMP_ValueAux.NDCDCReserved,8738
1778503044.366359,DCMP_ValueLV1.VDCDCLV1Min,13.79538193
1778503044.366359,DCMP_ValueLV1.VDCDCLV1Max,13.85655879
1778503044.366359,DCMP_ValueLV1.VDCDCLV1Average,13.82597036
1778503044.366359,DCMP_ValueLV1.IDCDCLV1Average,0.0
1778503044.366359,DCMP_ValueLV1.IDCDCLV1UnBalance,0.0
1778503044.366359,DCMP_ValueLV1.NDCDCLV1OverloadCount,0
1778503044.368367,DCMP_ValueLV2.VDCDCLV2Min,0.45882645
1778503044.368367,DCMP_ValueLV2.VDCDCLV2Max,0.48941488
1778503044.368367,DCMP_ValueLV2.VDCDCLV2Average,0.45882645
1778503044.368367,DCMP_ValueLV2.IDCDCLV2Average,0.0
1778503044.368367,DCMP_ValueLV2.IDCDCLV2UnBalance,0.0
1778503044.368367,DCMP_ValueLV2.NDCDCLV2OverloadCount,0
1778503044.368367,DCMP_Status.NDCDCState,2
1778503044.368367,DCMP_Status.BDCDCWakeUp,0
1778503044.368367,DCMP_Status.BDCDCAuxIsoEnabled,1
1778503044.368367,DCMP_Status.BDCDCCANError,0
1778503044.368367,DCMP_Status.BDCDCConfigSettingsError,0
1778503044.368367,DCMP_Status.BDCDCXcpError,0
1778503044.368367,DCMP_Status.BDCDCHVError,0
1778503044.368367,DCMP_Status.BDCDCHVOcpError,0
1778503044.368367,DCMP_Status.BDCDCHVOvpError,0
1778503044.368367,DCMP_Status.BDCDCHVUvpError,0
1778503044.368367,DCMP_Status.BDCDCSROvpError,0
1778503044.368367,DCMP_Status.BDCDCSRUvpError,0
1778503044.368367,DCMP_Status.BDCDCLVAlimAuxError,0
1778503044.368367,DCMP_Status.BDCDCLV1Demanded,0
1778503044.368367,DCMP_Status.BDCDCLV1OvpError,0
1778503044.368367,DCMP_Status.BDCDCLV1UvpError,0
1778503044.368367,DCMP_Status.BDCDCLV1Warning,0
1778503044.368367,DCMP_Status.BDCDCLV2Demanded,0
1778503044.368367,DCMP_Status.BDCDCLV2OvpError,0
1778503044.368367,DCMP_Status.BDCDCLV2UvpError,0
1778503044.368367,DCMP_Status.BDCDCLV2Warning,0
1778503044.368367,DCMP_Status.BDCDCSR1OtpError,0
1778503044.368367,DCMP_Status.BDCDCSR2OtpError,0
1778503044.368367,DCMP_Status.BDCDCBB1OtpError,0
1778503044.368367,DCMP_Status.BDCDCBB2OtpError,0
1778503044.368367,DCMP_Status.BDCDCBB3OtpError,0
1778503044.368367,DCMP_Status.BDCDCBB4OtpError,0
1778503044.368367,DCMP_Status.BDCDCRcpWarning,0
1778503044.368367,DCMP_Status.BDCDCPowerDemanded,0
1778503044.368367,DCMP_Status.BDCDCUmbilicalDemanded,0
1778503044.368367,DCMP_Status.BDCDCRegenerationDemanded,0
1778503044.368367,DCMP_Status.BDCDCDischargeDemanded,0
1778503044.368367,DCMP_Status.NDCDCReleaseMode,3
1778503044.368367,DCMP_Value.VDCDCSRMin,2.2023666
1778503044.368367,DCMP_Value.VDCDCSRMax,2.2023666
1778503044.368367,DCMP_Value.VDCDCSRAverage,2.2023666
1778503044.368367,DCMP_Value.Multiplexer,7
1778503044.368367,DCMP_Value.NDCDCSettingsVersion,2010
1778503044.368367,DCMP_Value.NDCDCSettingsCrc,14355
1778503044.374780,DCMP_ValueAux.VDCDCAux1Measured,11.50781832
1778503044.374780,DCMP_ValueAux.VDCDCAux2Measured,5.028569
1778503044.374780,DCMP_ValueAux.VDCDCAux3Measured,3.357538142
1778503044.374780,DCMP_ValueAux.VDCDCAux4Measured,5.8795576
1778503044.374780,DCMP_ValueAux.VDCDCAux5Measured,1.6890838700000002
1778503044.374780,DCMP_ValueAux.NDCDCReserved,8738
1778503044.374780,DCMP_ValueLV1.VDCDCLV1Min,13.79538193
1778503044.374780,DCMP_ValueLV1.VDCDCLV1Max,13.85655879
1778503044.374780,DCMP_ValueLV1.VDCDCLV1Average,13.82597036
1778503044.374780,DCMP_ValueLV1.IDCDCLV1Average,0.0
1778503044.374780,DCMP_ValueLV1.IDCDCLV1UnBalance,0.0
1778503044.374780,DCMP_ValueLV1.NDCDCLV1OverloadCount,0
1778503044.374780,DCMP_ValueLV2.VDCDCLV2Min,0.45882645
1778503044.374780,DCMP_ValueLV2.VDCDCLV2Max,0.48941488
1778503044.374780,DCMP_ValueLV2.VDCDCLV2Average,0.45882645
1778503044.374780,DCMP_ValueLV2.IDCDCLV2Average,0.0
1778503044.374780,DCMP_ValueLV2.IDCDCLV2UnBalance,0.0
1778503044.374780,DCMP_ValueLV2.NDCDCLV2OverloadCount,0
1778503044.374780,DCMP_Status.NDCDCState,2
1778503044.374780,DCMP_Status.BDCDCWakeUp,0
1778503044.374780,DCMP_Status.BDCDCAuxIsoEnabled,1
1778503044.374780,DCMP_Status.BDCDCCANError,0
1778503044.374780,DCMP_Status.BDCDCConfigSettingsError,0
1778503044.374780,DCMP_Status.BDCDCXcpError,0
1778503044.374780,DCMP_Status.BDCDCHVError,0
1778503044.374780,DCMP_Status.BDCDCHVOcpError,0
1778503044.374780,DCMP_Status.BDCDCHVOvpError,0
1778503044.374780,DCMP_Status.BDCDCHVUvpError,0
1778503044.374780,DCMP_Status.BDCDCSROvpError,0
1778503044.374780,DCMP_Status.BDCDCSRUvpError,0
1778503044.374780,DCMP_Status.BDCDCLVAlimAuxError,0
1778503044.374780,DCMP_Status.BDCDCLV1Demanded,0
1778503044.374780,DCMP_Status.BDCDCLV1OvpError,0
1778503044.374780,DCMP_Status.BDCDCLV1UvpError,0
1778503044.374780,DCMP_Status.BDCDCLV1Warning,0
1778503044.374780,DCMP_Status.BDCDCLV2Demanded,0
1778503044.374780,DCMP_Status.BDCDCLV2OvpError,0
1778503044.374780,DCMP_Status.BDCDCLV2UvpError,0
1778503044.374780,DCMP_Status.BDCDCLV2Warning,0
1778503044.374780,DCMP_Status.BDCDCSR1OtpError,0
1778503044.374780,DCMP_Status.BDCDCSR2OtpError,0
1778503044.374780,DCMP_Status.BDCDCBB1OtpError,0
1778503044.374780,DCMP_Status.BDCDCBB2OtpError,0
1778503044.374780,DCMP_Status.BDCDCBB3OtpError,0
1778503044.374780,DCMP_Status.BDCDCBB4OtpError,0
1778503044.374780,DCMP_Status.BDCDCRcpWarning,0
1778503044.374780,DCMP_Status.BDCDCPowerDemanded,0
1778503044.374780,DCMP_Status.BDCDCUmbilicalDemanded,0
1778503044.374780,DCMP_Status.BDCDCRegenerationDemanded,0
1778503044.374780,DCMP_Status.BDCDCDischargeDemanded,0
1778503044.374780,DCMP_Status.NDCDCReleaseMode,3
1778503044.374780,DCMP_Value.VDCDCSRMin,2.2023666
1778503044.374780,DCMP_Value.VDCDCSRMax,2.3247203
1778503044.374780,DCMP_Value.VDCDCSRAverage,2.2023666
1778503044.374780,DCMP_Value.Multiplexer,0
1778503044.374780,DCMP_Value.TDCDCSR1Measured,5
1778503044.374780,DCMP_Value.TDCDCSR2Measured,4
1778503044.374780,DCMP_Value.TDCDCBB1Measured,5
1778503044.374780,DCMP_Value.TDCDCBB2Measured,5
1778503044.380924,DCMP_ValueAux.VDCDCAux1Measured,11.50781832
1778503044.380924,DCMP_ValueAux.VDCDCAux2Measured,5.028569
1778503044.380924,DCMP_ValueAux.VDCDCAux3Measured,3.357538142
1778503044.380924,DCMP_ValueAux.VDCDCAux4Measured,5.8795576
1778503044.380924,DCMP_ValueAux.VDCDCAux5Measured,1.6761901000000001
1778503044.380924,DCMP_ValueAux.NDCDCReserved,8738
1778503044.382934,DCMP_ValueLV1.VDCDCLV1Min,13.82597036
1778503044.382934,DCMP_ValueLV1.VDCDCLV1Max,13.85655879
1778503044.382934,DCMP_ValueLV1.VDCDCLV1Average,13.82597036
1778503044.382934,DCMP_ValueLV1.IDCDCLV1Average,0.0
1778503044.382934,DCMP_ValueLV1.IDCDCLV1UnBalance,0.0
1778503044.382934,DCMP_ValueLV1.NDCDCLV1OverloadCount,0
1778503044.382934,DCMP_ValueLV2.VDCDCLV2Min,0.42823802
1778503044.382934,DCMP_ValueLV2.VDCDCLV2Max,0.48941488
1778503044.382934,DCMP_ValueLV2.VDCDCLV2Average,0.45882645
1778503044.382934,DCMP_ValueLV2.IDCDCLV2Average,0.0
1778503044.382934,DCMP_ValueLV2.IDCDCLV2UnBalance,0.0
1778503044.382934,DCMP_ValueLV2.NDCDCLV2OverloadCount,0
1778503044.384442,DcdcNode3Status.NModuleState,Disabled
1778503044.384442,DcdcNode3Status.BSafetyDischargeRequested,0
1778503044.384442,DcdcNode3Status.BSwResetModuleRequested,0
1778503044.384442,DcdcNode3Status.BReadConfigAndSettingsRequested,0
1778503044.384442,DcdcNode3Status.BSyncStatus,0
1778503044.384442,DcdcNode3Status.BSafetyDischargeStatus,0
1778503044.384442,DcdcNode3Status.BEnableSignal,1
1778503044.384442,DcdcNode3Status.BFaultSignal,0
1778503044.384442,DcdcNode3Status.BSafetyDischargeEnabled,0
1778503044.384442,DcdcNode3Status.BAuxIsoEnabled,1
1778503044.384442,DcdcNode3Status.BCanTimeoutError,0
1778503044.384442,DcdcNode3Status.BAuxSupplyError,0
1778503044.384442,DcdcNode3Status.BConfigSettingsError,0
1778503044.384442,DcdcNode3Status.BInternalTemperatureError,0
1778503044.384442,DcdcNode3Status.BSyncRequested,0
1778503044.384442,DcdcNode3Status.BSyncInputSignal,1
1778503044.384442,DcdcNode3Status.NCellHwErrorFlags,0
1778503044.384442,DcdcNode3Status.BXcpError,0
1778503044.384442,DcdcNode3Status.NMultiplexer,0
1778503044.384442,DcdcNode3Status.NPath1State,Power Off
1778503044.384442,DcdcNode3Status.NPath1VoltageSideSelected,Side B
1778503044.384442,DcdcNode3Status.NPath1CurrentSideSelected,Side A
1778503044.384442,DcdcNode3Status.BPath1Requested,0
1778503044.384442,DcdcNode3Status.BPath1SideAOvpError,0
1778503044.384442,DcdcNode3Status.BPath1SideBOvpError,0
1778503044.384442,DcdcNode3Status.BPath1SideAUvpError,0
1778503044.384442,DcdcNode3Status.BPath1SideBUvpError,0
1778503044.384442,DcdcNode3Status.BPath1OtpError,0
1778503044.384442,DcdcNode3Status.BPath1OcpError,0
1778503044.384442,DcdcNode3Status.BPath1RcpWarning,0
1778503044.384442,DcdcNode3Status.IPath1Unbalance,0.0
1778503044.384442,DcdcNode3Status.BPath1ErrVAuxCell,0
